,accuracy,clf,f1_score,precision,recall,uncover_percentage
0,0.8930817610062893,RandomForestClassifier,0.596722621902478,0.5889433551198257,0.6407780013413816,0.05
1,0.8867924528301887,RandomForestClassifier,0.43271555197421435,0.4495238095238095,0.42394366197183103,0.05
2,0.8805031446540881,RandomForestClassifier,0.3736691236691237,0.36753246753246754,0.38184663536776214,0.05
3,0.8867924528301887,RandomForestClassifier,0.4083011583011584,0.5192307692307693,0.3915584415584416,0.05
4,0.8364779874213837,RandomForestClassifier,0.3362443016422256,0.32863534675615214,0.34458874458874456,0.05
5,0.8742138364779874,RandomForestClassifier,0.31096196868008946,0.29140461215932917,0.3333333333333333,0.05
6,0.8742138364779874,RandomForestClassifier,0.31096196868008946,0.29140461215932917,0.3333333333333333,0.05
7,0.8742138364779874,RandomForestClassifier,0.31096196868008946,0.29140461215932917,0.3333333333333333,0.05
8,0.89937106918239,RandomForestClassifier,0.4064564564564565,0.4698924731182796,0.393939393939394,0.05
9,0.89937106918239,RandomForestClassifier,0.5036273386788851,0.6184126984126984,0.46713333947376495,0.05
10,0.8679245283018868,RandomForestClassifier,0.3097643097643098,0.2929936305732484,0.32857142857142857,0.05
11,0.8364779874213837,RandomForestClassifier,0.37202797202797205,0.3503688092729189,0.4071428571428572,0.05
12,0.8742138364779874,RandomForestClassifier,0.31096196868008946,0.29140461215932917,0.3333333333333333,0.05
13,0.8867924528301887,RandomForestClassifier,0.39852607709750565,0.4341991341991342,0.3915584415584416,0.05
14,0.8805031446540881,RandomForestClassifier,0.3121516164994426,0.29350104821802936,0.3333333333333333,0.05
15,0.8742138364779874,RandomForestClassifier,0.31096196868008946,0.29140461215932917,0.3333333333333333,0.05
16,0.6918238993710691,RandomForestClassifier,0.27363184079601993,0.2887139107611549,0.26004728132387706,0.05
17,0.8113207547169812,RandomForestClassifier,0.3305455993628037,0.3265870382658704,0.36713615023474183,0.05
18,0.8742138364779874,RandomForestClassifier,0.31096196868008946,0.29140461215932917,0.3333333333333333,0.05
19,0.8805031446540881,RandomForestClassifier,0.3131991051454139,0.29535864978902954,0.3333333333333333,0.05
20,0.8742138364779874,RandomForestClassifier,0.31096196868008946,0.29140461215932917,0.3333333333333333,0.05
21,0.8742138364779874,RandomForestClassifier,0.31096196868008946,0.29140461215932917,0.3333333333333333,0.05
22,0.8742138364779874,RandomForestClassifier,0.31096196868008946,0.29140461215932917,0.3333333333333333,0.05
23,0.8301886792452831,RandomForestClassifier,0.35742690058479537,0.3453703703703704,0.3739952718676123,0.05
24,0.8805031446540881,RandomForestClassifier,0.3121516164994426,0.29350104821802936,0.3333333333333333,0.05
25,0.8301886792452831,AdaBoostClassifier,0.4186959937156323,0.39320866141732286,0.6312056737588653,0.05
26,0.8867924528301887,AdaBoostClassifier,0.4316402328849629,0.46732026143790845,0.4194805194805195,0.05
27,0.7295597484276729,AdaBoostClassifier,0.299406604747162,0.3027497194163861,0.3041125541125541,0.05
28,0.8742138364779874,AdaBoostClassifier,0.5144306845545236,0.5509259259259259,0.5029320561235455,0.05
29,0.89937106918239,AdaBoostClassifier,0.5530777256129369,0.5623369848721961,0.550167672702884,0.05
30,0.9182389937106918,AdaBoostClassifier,0.5524415492602132,0.5351473922902494,0.5709956709956711,0.05
31,0.7044025157232704,AdaBoostClassifier,0.3344791155156764,0.36140203882139366,0.33796935924595495,0.05
32,0.8301886792452831,AdaBoostClassifier,0.35742690058479537,0.34646962233169126,0.37012987012987014,0.05
33,0.8742138364779874,AdaBoostClassifier,0.5241508789895886,0.5355417529330573,0.5481870375487397,0.05
34,0.8742138364779874,AdaBoostClassifier,0.31096196868008946,0.29140461215932917,0.3333333333333333,0.05
35,0.9182389937106918,AdaBoostClassifier,0.5524415492602132,0.5351473922902494,0.5709956709956711,0.05
36,0.7610062893081762,AdaBoostClassifier,0.2901678657074341,0.2922705314009662,0.2880952380952381,0.05
37,0.89937106918239,AdaBoostClassifier,0.46549974632166413,0.47350993377483447,0.46193853427895987,0.05
38,0.8742138364779874,AdaBoostClassifier,0.31096196868008946,0.29140461215932917,0.3333333333333333,0.05
39,0.8742138364779874,AdaBoostClassifier,0.31096196868008946,0.29140461215932917,0.3333333333333333,0.05
40,0.8616352201257862,AdaBoostClassifier,0.5253321391252426,0.6213628825569124,0.6060299039022443,0.05
41,0.8742138364779874,AdaBoostClassifier,0.31096196868008946,0.29140461215932917,0.3333333333333333,0.05
42,0.9056603773584906,AdaBoostClassifier,0.5214285714285715,0.4793233082706767,0.5941558441558442,0.05
43,0.8742138364779874,AdaBoostClassifier,0.31096196868008946,0.29140461215932917,0.3333333333333333,0.05
44,0.6226415094339622,AdaBoostClassifier,0.32222222222222224,0.3462146892655367,0.43116883116883115,0.05
45,0.7295597484276729,AdaBoostClassifier,0.28223844282238447,0.2885572139303482,0.2761904761904762,0.05
46,0.5471698113207547,AdaBoostClassifier,0.24755948443482267,0.2923163841807909,0.2366430260047281,0.05
47,0.7735849056603774,AdaBoostClassifier,0.3130227001194743,0.3092326139088729,0.3207792207792208,0.05
48,0.8742138364779874,AdaBoostClassifier,0.31096196868008946,0.29140461215932917,0.3333333333333333,0.05
49,0.8805031446540881,AdaBoostClassifier,0.3632910299576966,0.46178343949044587,0.3612554112554112,0.05
50,0.8940397350993378,RandomForestClassifier,0.4055555555555555,0.436986301369863,0.3975124378109453,0.1
51,0.8675496688741722,RandomForestClassifier,0.30969267139479906,0.2891832229580574,0.3333333333333333,0.1
52,0.8874172185430463,RandomForestClassifier,0.40952380952380957,0.46598639455782315,0.39749373433583957,0.1
53,0.8874172185430463,RandomForestClassifier,0.4043010752688172,0.434703196347032,0.39749373433583957,0.1
54,0.9072847682119205,RandomForestClassifier,0.4758075892227394,0.49834656084656087,0.46417910447761196,0.1
55,0.8807947019867549,RandomForestClassifier,0.3619047619047619,0.40840840840840836,0.3636363636363636,0.1
56,0.8807947019867549,RandomForestClassifier,0.31220657276995306,0.293598233995585,0.3333333333333333,0.1
57,0.8675496688741722,RandomForestClassifier,0.30969267139479906,0.2891832229580574,0.3333333333333333,0.1
58,0.8675496688741722,RandomForestClassifier,0.3550776583034647,0.36347031963470317,0.35914786967418544,0.1
59,0.8807947019867549,RandomForestClassifier,0.387241333860551,0.41043083900226757,0.38391376451077946,0.1
60,0.7748344370860927,RandomForestClassifier,0.3462823725981621,0.4595959595959596,0.32189054726368155,0.1
61,0.8675496688741722,RandomForestClassifier,0.30969267139479906,0.2891832229580574,0.3333333333333333,0.1
62,0.8741721854304636,RandomForestClassifier,0.31095406360424027,0.2913907284768212,0.3333333333333333,0.1
63,0.8807947019867549,RandomForestClassifier,0.416301703163017,0.4004329004329004,0.43449419568822556,0.1
64,0.8675496688741722,RandomForestClassifier,0.30969267139479906,0.2891832229580574,0.3333333333333333,0.1
65,0.9139072847682119,RandomForestClassifier,0.5521928578194563,0.6160081053698075,0.5172839506172839,0.1
66,0.9139072847682119,RandomForestClassifier,0.49786283891547045,0.48561151079136694,0.5111655773420479,0.1
67,0.8807947019867549,RandomForestClassifier,0.36761229314420807,0.6266666666666666,0.3636363636363636,0.1
68,0.8675496688741722,RandomForestClassifier,0.30969267139479906,0.2891832229580574,0.3333333333333333,0.1
69,0.8741721854304636,RandomForestClassifier,0.31095406360424027,0.2913907284768212,0.3333333333333333,0.1
70,0.7880794701986755,RandomForestClassifier,0.2938271604938272,0.2916666666666667,0.2960199004975124,0.1
71,0.8807947019867549,RandomForestClassifier,0.31220657276995306,0.29555555555555557,0.3308457711442786,0.1
72,0.8807947019867549,RandomForestClassifier,0.31220657276995306,0.293598233995585,0.3333333333333333,0.1
73,0.8874172185430463,RandomForestClassifier,0.36997635933806144,0.4642058165548099,0.3666666666666667,0.1
74,0.8609271523178808,RandomForestClassifier,0.38161096171084646,0.3859338061465721,0.3814080656185919,0.1
75,0.6357615894039735,AdaBoostClassifier,0.38059242871189775,0.42903762903762904,0.48959435626102293,0.1
76,0.8675496688741722,AdaBoostClassifier,0.30969267139479906,0.2891832229580574,0.3333333333333333,0.1
77,0.8874172185430463,AdaBoostClassifier,0.5153399668325042,0.5199695964621337,0.516133617626155,0.1
78,0.7417218543046358,AdaBoostClassifier,0.3086703431372549,0.3127177700348432,0.3337510442773601,0.1
79,0.8741721854304636,AdaBoostClassifier,0.38765432098765423,0.3639207507820646,0.4369256474519632,0.1
80,0.7947019867549668,AdaBoostClassifier,0.44564598747865686,0.4278309997543601,0.5541125541125541,0.1
81,0.8211920529801324,AdaBoostClassifier,0.33211233211233215,0.324113475177305,0.3409090909090909,0.1
82,0.9006622516556292,AdaBoostClassifier,0.5852230077681767,0.5894140409065782,0.5828002842928216,0.1
83,0.7682119205298014,AdaBoostClassifier,0.3576419396677963,0.3454301075268817,0.4260651629072682,0.1
84,0.8344370860927153,AdaBoostClassifier,0.4142442454720144,0.3896214896214896,0.4699248120300752,0.1
85,0.8675496688741722,AdaBoostClassifier,0.30969267139479906,0.2891832229580574,0.3333333333333333,0.1
86,0.8079470198675497,AdaBoostClassifier,0.41473341473341474,0.4007076514816453,0.4862155388471178,0.1
87,0.8609271523178808,AdaBoostClassifier,0.4157465641742371,0.38656898656898653,0.5333333333333333,0.1
88,0.8609271523178808,AdaBoostClassifier,0.4214141414141414,0.41371158392434987,0.4295190713101161,0.1
89,0.9006622516556292,AdaBoostClassifier,0.49301435406698557,0.4926969222743871,0.49498746867167914,0.1
90,0.8410596026490066,AdaBoostClassifier,0.4544604127937461,0.45549206349206345,0.5560078395899292,0.1
91,0.8807947019867549,AdaBoostClassifier,0.43052311177178454,0.46551724137931033,0.41919191919191917,0.1
92,0.8741721854304636,AdaBoostClassifier,0.39130742549727465,0.39616402116402116,0.3924812030075188,0.1
93,0.7549668874172185,AdaBoostClassifier,0.3110643110643111,0.3140933140933141,0.31351105035315563,0.1
94,0.8741721854304636,AdaBoostClassifier,0.31316725978647686,0.2972972972972973,0.3308270676691729,0.1
95,0.8675496688741722,AdaBoostClassifier,0.30969267139479906,0.2891832229580574,0.3333333333333333,0.1
96,0.9139072847682119,AdaBoostClassifier,0.6552501655476484,0.6541353383458647,0.658464342674869,0.1
97,0.7880794701986755,AdaBoostClassifier,0.2949194547707559,0.28953771289537716,0.3005050505050505,0.1
98,0.847682119205298,AdaBoostClassifier,0.4528508771929824,0.4204413472706155,0.5674185463659148,0.1
99,0.8211920529801324,AdaBoostClassifier,0.417432470064049,0.39303221288515405,0.6290726817042606,0.1
100,0.8802816901408451,RandomForestClassifier,0.31210986267166047,0.2934272300469484,0.3333333333333333,0.15
101,0.8591549295774648,RandomForestClassifier,0.30808080808080807,0.28638497652582157,0.3333333333333333,0.15
102,0.8591549295774648,RandomForestClassifier,0.3104325699745547,0.29683698296836986,0.3253333333333333,0.15
103,0.8591549295774648,RandomForestClassifier,0.36581196581196584,0.4143692564745196,0.35462233887430733,0.15
104,0.8732394366197183,RandomForestClassifier,0.3594061198623936,0.3804347826086956,0.36133333333333334,0.15
105,0.8802816901408451,RandomForestClassifier,0.3952830188679246,0.6264775413711584,0.38095238095238093,0.15
106,0.8732394366197183,RandomForestClassifier,0.4376614987080103,0.4699248120300752,0.4226666666666667,0.15
107,0.8732394366197183,RandomForestClassifier,0.3107769423558897,0.29107981220657275,0.3333333333333333,0.15
108,0.8873239436619719,RandomForestClassifier,0.40441051738761663,0.435036496350365,0.3973333333333333,0.15
109,0.8943661971830986,RandomForestClassifier,0.43152454780361754,0.4088578088578088,0.46577380952380953,0.15
110,0.8873239436619719,RandomForestClassifier,0.410759723736823,0.46618357487922707,0.39999999999999997,0.15
111,0.8802816901408451,RandomForestClassifier,0.31210986267166047,0.29550827423167847,0.3306878306878307,0.15
112,0.8802816901408451,RandomForestClassifier,0.37255574614065184,0.6264775413711584,0.3666666666666667,0.15
113,0.8732394366197183,RandomForestClassifier,0.31077694235588976,0.2931442080378251,0.33066666666666666,0.15
114,0.8732394366197183,RandomForestClassifier,0.3119496855345912,0.29523809523809524,0.33066666666666666,0.15
115,0.8661971830985915,RandomForestClassifier,0.30943396226415093,0.2887323943661972,0.3333333333333333,0.15
116,0.8732394366197183,RandomForestClassifier,0.3107769423558897,0.29107981220657275,0.3333333333333333,0.15
117,0.8380281690140845,RandomForestClassifier,0.3411836985459758,0.3313131313131313,0.3517037037037037,0.15
118,0.8873239436619719,RandomForestClassifier,0.31578947368421056,0.3,0.3333333333333333,0.15
119,0.8732394366197183,RandomForestClassifier,0.3107769423558897,0.29107981220657275,0.3333333333333333,0.15
120,0.8802816901408451,RandomForestClassifier,0.43535539215686275,0.39615384615384613,0.5227513227513227,0.15
121,0.9084507042253521,RandomForestClassifier,0.42940685045948196,0.5289855072463768,0.40480324074074076,0.15
122,0.8732394366197183,RandomForestClassifier,0.45370370370370366,0.4234470691163605,0.5025185185185185,0.15
123,0.8661971830985915,RandomForestClassifier,0.309433962264151,0.29078014184397166,0.33064516129032256,0.15
124,0.8943661971830986,RandomForestClassifier,0.46640316205533594,0.450956450956451,0.48687664041994755,0.15
125,0.8028169014084507,AdaBoostClassifier,0.3508100929614874,0.3384076990376203,0.36774193548387096,0.15
126,0.8380281690140845,AdaBoostClassifier,0.40944574551131935,0.38009986603336987,0.5733333333333334,0.15
127,0.8169014084507042,AdaBoostClassifier,0.4468218056453351,0.4303571428571429,0.5492063492063491,0.15
128,0.8591549295774648,AdaBoostClassifier,0.45748148148148154,0.41962630152617314,0.5544619422572179,0.15
129,0.8943661971830986,AdaBoostClassifier,0.5268661850705194,0.5126614987080104,0.5423280423280423,0.15
130,0.8098591549295775,AdaBoostClassifier,0.41580446843604735,0.3928030303030303,0.6263440860215054,0.15
131,0.852112676056338,AdaBoostClassifier,0.492888398151556,0.47222222222222227,0.5377952755905512,0.15
132,0.8028169014084507,AdaBoostClassifier,0.4187074829931972,0.4051282051282051,0.45943287037037034,0.15
133,0.852112676056338,AdaBoostClassifier,0.4280329470892084,0.40027322404371585,0.4945185185185186,0.15
134,0.8661971830985915,AdaBoostClassifier,0.3984375,0.37222222222222223,0.43637992831541217,0.15
135,0.8169014084507042,AdaBoostClassifier,0.4131545657312161,0.4130706691682302,0.4427474747474747,0.15
136,0.9084507042253521,AdaBoostClassifier,0.5295924636493958,0.5106060606060606,0.5502222222222222,0.15
137,0.8802816901408451,AdaBoostClassifier,0.47217479289192443,0.7201058201058202,0.5196363636363636,0.15
138,0.8661971830985915,AdaBoostClassifier,0.30943396226415093,0.2887323943661972,0.3333333333333333,0.15
139,0.7746478873239436,AdaBoostClassifier,0.5144208037825059,0.5094291539245668,0.5317460317460317,0.15
140,0.8802816901408451,AdaBoostClassifier,0.6472391228726512,0.6165242165242165,0.7169312169312169,0.15
141,0.8943661971830986,AdaBoostClassifier,0.4867724867724868,0.44510582010582017,0.5701058201058201,0.15
142,0.8450704225352113,AdaBoostClassifier,0.5116803840877915,0.483974358974359,0.5687830687830688,0.15
143,0.9084507042253521,AdaBoostClassifier,0.5507246376811595,0.5324786324786325,0.5703375215570338,0.15
144,0.8028169014084507,AdaBoostClassifier,0.3508100929614874,0.3384076990376203,0.36774193548387096,0.15
145,0.852112676056338,AdaBoostClassifier,0.36324786324786323,0.3586374695863747,0.37282229965156793,0.15
146,0.852112676056338,AdaBoostClassifier,0.4649673977474807,0.4286039886039886,0.5704301075268817,0.15
147,0.9014084507042254,AdaBoostClassifier,0.5030146425495262,0.5143034825870646,0.49731182795698925,0.15
148,0.8450704225352113,AdaBoostClassifier,0.37442750486228743,0.3541557305336833,0.42328042328042326,0.15
149,0.7253521126760564,AdaBoostClassifier,0.3024971118812761,0.3020244821092279,0.3218125960061444,0.15
150,0.8582089552238806,RandomForestClassifier,0.3078982597054886,0.28606965174129356,0.3333333333333333,0.2
151,0.8731343283582089,RandomForestClassifier,0.312,0.2932330827067669,0.3333333333333333,0.2
152,0.9029850746268657,RandomForestClassifier,0.42971887550200805,0.4432291666666666,0.4230617866981503,0.2
153,0.8656716417910447,RandomForestClassifier,0.30933333333333335,0.2885572139303482,0.3333333333333333,0.2
154,0.8805970149253731,RandomForestClassifier,0.3953333333333333,0.6265664160401002,0.38095238095238093,0.2
155,0.8805970149253731,RandomForestClassifier,0.31216931216931215,0.2935323383084577,0.3333333333333333,0.2
156,0.8656716417910447,RandomForestClassifier,0.30933333333333335,0.2885572139303482,0.3333333333333333,0.2
157,0.8656716417910447,RandomForestClassifier,0.30933333333333335,0.2885572139303482,0.3333333333333333,0.2
158,0.8880597014925373,RandomForestClassifier,0.3148148148148148,0.2982456140350877,0.3333333333333333,0.2
159,0.8432835820895522,RandomForestClassifier,0.3455769819406183,0.342741935483871,0.3497175141242938,0.2
160,0.8880597014925373,RandomForestClassifier,0.3740190752142943,0.4646464646464647,0.36756924992219114,0.2
161,0.8656716417910447,RandomForestClassifier,0.31057563587684067,0.2907268170426065,0.3333333333333333,0.2
162,0.8656716417910447,RandomForestClassifier,0.30933333333333335,0.2885572139303482,0.3333333333333333,0.2
163,0.8805970149253731,RandomForestClassifier,0.31216931216931215,0.2935323383084577,0.3333333333333333,0.2
164,0.8656716417910447,RandomForestClassifier,0.3093333333333333,0.2997416020671835,0.31955922865013775,0.2
165,0.9029850746268657,RandomForestClassifier,0.4723346828609986,0.48133333333333334,0.4652615144418423,0.2
166,0.8955223880597015,RandomForestClassifier,0.37793939393939396,0.6361323155216284,0.3666666666666667,0.2
167,0.8805970149253731,RandomForestClassifier,0.3688085676037483,0.40882103477523324,0.36754551161330823,0.2
168,0.8880597014925373,RandomForestClassifier,0.4640466628418436,0.962121212121212,0.41919191919191917,0.2
169,0.8955223880597015,RandomForestClassifier,0.37162461266046926,0.4671717171717171,0.3666666666666667,0.2
170,0.8507462686567164,RandomForestClassifier,0.400532521871434,0.3866120218579235,0.41623931623931626,0.2
171,0.8582089552238806,RandomForestClassifier,0.3078982597054886,0.28606965174129356,0.3333333333333333,0.2
172,0.8805970149253731,RandomForestClassifier,0.3634085213032581,0.3689922480620155,0.36754551161330823,0.2
173,0.8805970149253731,RandomForestClassifier,0.38859020310633213,0.40882103477523324,0.3888888888888889,0.2
174,0.8656716417910447,RandomForestClassifier,0.30933333333333335,0.2885572139303482,0.3333333333333333,0.2
175,0.8805970149253731,AdaBoostClassifier,0.4713448417152121,0.5091397849462366,0.4517584811702459,0.2
176,0.8955223880597015,AdaBoostClassifier,0.31620553359683795,0.30303030303030304,0.3305785123966942,0.2
177,0.8656716417910447,AdaBoostClassifier,0.40782454060462364,0.39207650273224043,0.4276377217553688,0.2
178,0.8731343283582089,AdaBoostClassifier,0.47087685976574867,0.5793650793650794,0.45335775335775336,0.2
179,0.8582089552238806,AdaBoostClassifier,0.519746173945502,0.5132183908045977,0.5275443510737629,0.2
180,0.8880597014925373,AdaBoostClassifier,0.5926713947990544,0.5839160839160839,0.6024482109227872,0.2
181,0.8731343283582089,AdaBoostClassifier,0.312,0.2932330827067669,0.3333333333333333,0.2
182,0.8507462686567164,AdaBoostClassifier,0.44344273841386106,0.41060606060606064,0.5882352941176471,0.2
183,0.8656716417910447,AdaBoostClassifier,0.5962887015518594,0.576984126984127,0.6358543417366946,0.2
184,0.8432835820895522,AdaBoostClassifier,0.48077263866737546,0.4627538618364307,0.5247432306255836,0.2
185,0.8731343283582089,AdaBoostClassifier,0.5398187887458273,0.6336996336996337,0.5700477683236304,0.2
186,0.8656716417910447,AdaBoostClassifier,0.41005512386265525,0.43333333333333335,0.41932773109243704,0.2
187,0.8507462686567164,AdaBoostClassifier,0.5391304347826087,0.5321637426900585,0.5470219435736677,0.2
188,0.8283582089552238,AdaBoostClassifier,0.3832939322301024,0.3821399839098954,0.3930523028883684,0.2
189,0.8880597014925373,AdaBoostClassifier,0.4985754985754986,0.4563432210491034,0.5783475783475783,0.2
190,0.8955223880597015,AdaBoostClassifier,0.468362282878412,0.5499999999999999,0.4416195856873823,0.2
191,0.8432835820895522,AdaBoostClassifier,0.5399570930544382,0.5524402907580478,0.615100585688821,0.2
192,0.8805970149253731,AdaBoostClassifier,0.43920765027322406,0.4661458333333333,0.4304597701149426,0.2
193,0.8805970149253731,AdaBoostClassifier,0.489327485380117,0.4914182475158085,0.4886039886039886,0.2
194,0.8283582089552238,AdaBoostClassifier,0.36753669389652655,0.3596774193548387,0.3765480895915678,0.2
195,0.8432835820895522,AdaBoostClassifier,0.4120567375886525,0.38481888481888477,0.4774011299435028,0.2
196,0.8656716417910447,AdaBoostClassifier,0.42766077624465426,0.4609375,0.41844532279314883,0.2
197,0.8582089552238806,AdaBoostClassifier,0.4060448408274495,0.3779118485000838,0.4857549857549858,0.2
198,0.8731343283582089,AdaBoostClassifier,0.3661311914323962,0.4595959595959596,0.36381766381766384,0.2
199,0.8880597014925373,AdaBoostClassifier,0.6021749497211337,0.5938697318007663,0.6113701113701114,0.2
200,0.8888888888888888,RandomForestClassifier,0.4667322189446083,0.46119162640901773,0.4724724724724725,0.25
201,0.873015873015873,RandomForestClassifier,0.3687739463601533,0.38114754098360654,0.371969696969697,0.25
202,0.9047619047619048,RandomForestClassifier,0.4536796536796537,0.453781512605042,0.45535714285714285,0.25
203,0.8650793650793651,RandomForestClassifier,0.3645684310920363,0.6213333333333333,0.3636363636363636,0.25
204,0.9047619047619048,RandomForestClassifier,0.3206751054852321,0.31666666666666665,0.3247863247863248,0.25
205,0.8809523809523809,RandomForestClassifier,0.31223628691983124,0.29365079365079366,0.3333333333333333,0.25
206,0.8968253968253969,RandomForestClassifier,0.3959131545338442,0.3666666666666667,0.4444444444444444,0.25
207,0.873015873015873,RandomForestClassifier,0.35766283524904213,0.3475783475783476,0.3714975845410628,0.25
208,0.9285714285714286,RandomForestClassifier,0.582579867389994,0.8670309653916211,0.5193236714975846,0.25
209,0.8571428571428571,RandomForestClassifier,0.36008436008436,0.40108401084010836,0.36358024691358026,0.25
210,0.8888888888888888,RandomForestClassifier,0.3717948717948718,0.3866120218579235,0.37202380952380953,0.25
211,0.8888888888888888,RandomForestClassifier,0.41269841269841273,0.419234360410831,0.41071428571428575,0.25
212,0.8968253968253969,RandomForestClassifier,0.4287076776347163,0.43911845730027554,0.42559523809523814,0.25
213,0.8650793650793651,RandomForestClassifier,0.31187410586552217,0.2953929539295393,0.3303030303030303,0.25
214,0.8809523809523809,RandomForestClassifier,0.4084564860426929,0.4361111111111111,0.398478835978836,0.25
215,0.8888888888888888,RandomForestClassifier,0.4492753623188406,0.4694444444444444,0.4414141414141414,0.25
216,0.8809523809523809,RandomForestClassifier,0.31223628691983124,0.29365079365079366,0.3333333333333333,0.25
217,0.8888888888888888,RandomForestClassifier,0.37684537684537683,0.41192411924119243,0.375,0.25
218,0.873015873015873,RandomForestClassifier,0.36585636585636583,0.35833333333333334,0.3749463749463749,0.25
219,0.8809523809523809,RandomForestClassifier,0.31223628691983124,0.296,0.33035714285714285,0.25
220,0.873015873015873,RandomForestClassifier,0.31339031339031337,0.2956989247311828,0.3333333333333333,0.25
221,0.8650793650793651,RandomForestClassifier,0.30921985815602837,0.28835978835978837,0.3333333333333333,0.25
222,0.873015873015873,RandomForestClassifier,0.36860373978277905,0.34655172413793106,0.4326450344149459,0.25
223,0.8571428571428571,RandomForestClassifier,0.30769230769230765,0.2857142857142857,0.3333333333333333,0.25
224,0.8809523809523809,RandomForestClassifier,0.37872340425531914,0.40921409214092136,0.375,0.25
225,0.8888888888888888,AdaBoostClassifier,0.4910728147803136,0.47681159420289854,0.5065065065065065,0.25
226,0.753968253968254,AdaBoostClassifier,0.41111111111111115,0.49092373005416484,0.40960960960960957,0.25
227,0.9047619047619048,AdaBoostClassifier,0.6073412698412698,0.6017857142857143,0.6240079365079365,0.25
228,0.8809523809523809,AdaBoostClassifier,0.43253968253968256,0.3983516483516483,0.5214285714285715,0.25
229,0.8492063492063492,AdaBoostClassifier,0.3992688340514427,0.3776515151515151,0.4523809523809524,0.25
230,0.11904761904761904,AdaBoostClassifier,0.07974137931034482,0.2948051948051948,0.20175438596491227,0.25
231,0.9126984126984127,AdaBoostClassifier,0.5054180818372959,0.4985754985754986,0.5125661375661376,0.25
232,0.2222222222222222,AdaBoostClassifier,0.19999999999999998,0.3829545454545454,0.3054054054054054,0.25
233,0.8809523809523809,AdaBoostClassifier,0.31223628691983124,0.29365079365079366,0.3333333333333333,0.25
234,0.8968253968253969,AdaBoostClassifier,0.5064182194616977,0.5275443510737629,0.49399399399399396,0.25
235,0.8174603174603174,AdaBoostClassifier,0.4168670835337502,0.42639517345399697,0.467989417989418,0.25
236,0.873015873015873,AdaBoostClassifier,0.5085784313725491,0.5153508771929824,0.5033670033670034,0.25
237,0.9126984126984127,AdaBoostClassifier,0.6727361722956436,0.7241545893719806,0.6399470899470899,0.25
238,0.8095238095238095,AdaBoostClassifier,0.37068357998590556,0.3651207225985756,0.5146198830409356,0.25
239,0.8333333333333334,AdaBoostClassifier,0.33742690058479535,0.332183908045977,0.3428571428571429,0.25
240,0.8412698412698413,AdaBoostClassifier,0.4033927736592533,0.37350385309067063,0.5621212121212121,0.25
241,0.8333333333333334,AdaBoostClassifier,0.350127494944166,0.3324256864079873,0.39848484848484844,0.25
242,0.47619047619047616,AdaBoostClassifier,0.2185792349726776,0.28169014084507044,0.17857142857142858,0.25
243,0.19047619047619047,AdaBoostClassifier,0.11175683778423505,0.2227106227106227,0.11073573573573574,0.25
244,0.8174603174603174,AdaBoostClassifier,0.36442405708460757,0.35269778219132736,0.43392857142857144,0.25
245,0.7142857142857143,AdaBoostClassifier,0.3562856285628562,0.358974358974359,0.44044044044044045,0.25
246,0.8571428571428571,AdaBoostClassifier,0.30769230769230765,0.2857142857142857,0.3333333333333333,0.25
247,0.8650793650793651,AdaBoostClassifier,0.3961988304093567,0.4330532212885154,0.3878231859883236,0.25
248,0.8809523809523809,AdaBoostClassifier,0.5982142857142857,0.5827320827320828,0.6308270676691728,0.25
249,0.8492063492063492,AdaBoostClassifier,0.40952380952380957,0.3837077376900386,0.4551694551694552,0.25
250,0.8974358974358975,RandomForestClassifier,0.45913621262458465,0.47297297297297297,0.4519230769230769,0.3
251,0.8717948717948718,RandomForestClassifier,0.3644603458556947,0.38126843657817105,0.36710239651416127,0.3
252,0.8547008547008547,RandomForestClassifier,0.35430359937402195,0.34441896024464835,0.3649267399267399,0.3
253,0.8717948717948718,RandomForestClassifier,0.37524780515434725,0.3672619047619048,0.38562091503267976,0.3
254,0.8888888888888888,RandomForestClassifier,0.37199180747567845,0.3871681415929203,0.3717948717948718,0.3
255,0.8888888888888888,RandomForestClassifier,0.427390180878553,0.4702380952380952,0.4134304207119741,0.3
256,0.8461538461538461,RandomForestClassifier,0.37777777777777777,0.37777777777777777,0.37777777777777777,0.3
257,0.8717948717948718,RandomForestClassifier,0.31336405529953915,0.30088495575221236,0.3269230769230769,0.3
258,0.8888888888888888,RandomForestClassifier,0.32098765432098764,0.3151515151515151,0.3270440251572327,0.3
259,0.8888888888888888,RandomForestClassifier,0.3755907700861829,0.47321428571428575,0.3609364081062194,0.3
260,0.8803418803418803,RandomForestClassifier,0.440955766192733,0.43081039755351686,0.45179738562091504,0.3
261,0.8717948717948718,RandomForestClassifier,0.368733850129199,0.4064327485380117,0.3703703703703704,0.3
262,0.905982905982906,RandomForestClassifier,0.5812363347247068,0.8035714285714285,0.5134304207119741,0.3
263,0.8888888888888888,RandomForestClassifier,0.3845679012345679,0.3898809523809524,0.3856837606837607,0.3
264,0.8974358974358975,RandomForestClassifier,0.4361968306922435,0.6345029239766081,0.40420227920227925,0.3
265,0.8888888888888888,RandomForestClassifier,0.5124439423504844,0.7505050505050505,0.47451159951159944,0.3
266,0.8803418803418803,RandomForestClassifier,0.31498470948012236,0.30116959064327486,0.3301282051282051,0.3
267,0.9230769230769231,RandomForestClassifier,0.4046546546546546,0.4239766081871345,0.39691358024691353,0.3
268,0.8632478632478633,RandomForestClassifier,0.308868501529052,0.28774928774928776,0.3333333333333333,0.3
269,0.8803418803418803,RandomForestClassifier,0.31212121212121213,0.2934472934472934,0.3333333333333333,0.3
270,0.9145299145299145,RandomForestClassifier,0.4653377630121816,0.4608999563128004,0.4699011680143756,0.3
271,0.8632478632478633,RandomForestClassifier,0.36419753086419754,0.45652173913043476,0.3633663366336634,0.3
272,0.8717948717948718,RandomForestClassifier,0.3767249964433063,0.3922018348623853,0.37133699633699635,0.3
273,0.8803418803418803,RandomForestClassifier,0.42428940568475443,0.43392857142857144,0.4220989366620434,0.3
274,0.8547008547008547,RandomForestClassifier,0.3072196620583717,0.2849002849002849,0.3333333333333333,0.3
275,0.8803418803418803,AdaBoostClassifier,0.3860006795786612,0.6264367816091955,0.375,0.3
276,0.8717948717948718,AdaBoostClassifier,0.4269005847953216,0.40841121495327104,0.4485294117647059,0.3
277,0.8376068376068376,AdaBoostClassifier,0.4823620823620824,0.7237266279819471,0.6684472934472935,0.3
278,0.8974358974358975,AdaBoostClassifier,0.5093167701863354,0.4711538461538461,0.5703883495145631,0.3
279,0.8803418803418803,AdaBoostClassifier,0.31212121212121213,0.2934472934472934,0.3333333333333333,0.3
280,0.8717948717948718,AdaBoostClassifier,0.36728395061728397,0.4064327485380117,0.36710239651416127,0.3
281,0.8547008547008547,AdaBoostClassifier,0.5160716027704614,0.5468646864686468,0.5186868686868686,0.3
282,0.811965811965812,AdaBoostClassifier,0.36452762923351156,0.35479797979797983,0.4063492063492063,0.3
283,0.8803418803418803,AdaBoostClassifier,0.3705308775731311,0.3547940463828314,0.40408805031446543,0.3
284,0.905982905982906,AdaBoostClassifier,0.45284178187404,0.4234234234234234,0.4937106918238994,0.3
285,0.8461538461538461,AdaBoostClassifier,0.3942307692307692,0.43836477987421385,0.3775995246583482,0.3
286,0.8461538461538461,AdaBoostClassifier,0.3570441254651781,0.3397435897435897,0.4777777777777778,0.3
287,0.8974358974358975,AdaBoostClassifier,0.5958921694480103,0.5869281045751634,0.6060409924487594,0.3
288,0.8547008547008547,AdaBoostClassifier,0.3582587954680978,0.4536231884057971,0.3603030303030303,0.3
289,0.8290598290598291,AdaBoostClassifier,0.4166666666666667,0.38625429553264606,0.5676375404530745,0.3
290,0.8547008547008547,AdaBoostClassifier,0.3838187702265372,0.3658823529411765,0.530398322851153,0.3
291,0.8632478632478633,AdaBoostClassifier,0.42026143790849674,0.3859323432343234,0.5671521035598706,0.3
292,0.811965811965812,AdaBoostClassifier,0.4237037037037037,0.6898774983881367,0.5504273504273504,0.3
293,0.905982905982906,AdaBoostClassifier,0.5611234294161123,0.5333333333333333,0.5933333333333334,0.3
294,0.8547008547008547,AdaBoostClassifier,0.3675828047921071,0.36396396396396397,0.37286324786324787,0.3
295,0.8290598290598291,AdaBoostClassifier,0.30218068535825543,0.28362573099415206,0.3233333333333333,0.3
296,0.9230769230769231,AdaBoostClassifier,0.5971576227390182,0.5870870870870871,0.607905982905983,0.3
297,0.8974358974358975,AdaBoostClassifier,0.5231599886331344,0.478987898789879,0.6088187702265372,0.3
298,0.9230769230769231,AdaBoostClassifier,0.49217527386541465,0.4573208722741433,0.549266247379455,0.3
299,0.8376068376068376,AdaBoostClassifier,0.5868242033655567,0.5704309874522641,0.6274509803921569,0.3
300,0.8715596330275229,RandomForestClassifier,0.3104575163398693,0.290519877675841,0.3333333333333333,0.35
301,0.8440366972477065,RandomForestClassifier,0.30514096185737977,0.28134556574923547,0.3333333333333333,0.35
302,0.8899082568807339,RandomForestClassifier,0.42777777777777776,0.4378205128205128,0.42509920634920634,0.35
303,0.8990825688073395,RandomForestClassifier,0.4106852497096399,0.6327160493827161,0.3888888888888889,0.35
304,0.8715596330275229,RandomForestClassifier,0.3104575163398693,0.290519877675841,0.3333333333333333,0.35
305,0.8807339449541285,RandomForestClassifier,0.37569727121965935,0.36299892125134847,0.38979591836734695,0.35
306,0.8532110091743119,RandomForestClassifier,0.3069306930693069,0.28703703703703703,0.3297872340425532,0.35
307,0.908256880733945,RandomForestClassifier,0.5037401933953659,0.8050314465408804,0.4476190476190476,0.35
308,0.8532110091743119,RandomForestClassifier,0.3069306930693069,0.28440366972477066,0.3333333333333333,0.35
309,0.8990825688073395,RandomForestClassifier,0.4193957857324195,0.44102564102564107,0.4098639455782313,0.35
310,0.8990825688073395,RandomForestClassifier,0.3910675381263616,0.41614255765199165,0.3854875283446712,0.35
311,0.8715596330275229,RandomForestClassifier,0.4205128205128205,0.38407407407407407,0.49298245614035086,0.35
312,0.8899082568807339,RandomForestClassifier,0.37901402080506563,0.37435897435897436,0.3854524627720504,0.35
313,0.8623853211009175,RandomForestClassifier,0.30870279146141216,0.28746177370030584,0.3333333333333333,0.35
314,0.8807339449541285,RandomForestClassifier,0.41906241906241903,0.470873786407767,0.40389863547758287,0.35
315,0.8715596330275229,RandomForestClassifier,0.31198686371100165,0.2932098765432099,0.3333333333333333,0.35
316,0.8990825688073395,RandomForestClassifier,0.4849246231155779,0.477124183006536,0.49312714776632305,0.35
317,0.8715596330275229,RandomForestClassifier,0.3688888888888889,0.40952380952380957,0.36686159844054583,0.35
318,0.8623853211009175,RandomForestClassifier,0.30870279146141216,0.28746177370030584,0.3333333333333333,0.35
319,0.8715596330275229,RandomForestClassifier,0.4976851851851853,0.45763760049474334,0.5572441742654509,0.35
320,0.8623853211009175,RandomForestClassifier,0.30870279146141216,0.29012345679012347,0.32982456140350874,0.35
321,0.8899082568807339,RandomForestClassifier,0.41923076923076924,0.4378205128205128,0.4131944444444445,0.35
322,0.8899082568807339,RandomForestClassifier,0.45,0.4682539682539682,0.4444444444444444,0.35
323,0.8807339449541285,RandomForestClassifier,0.535042735042735,0.5132832080200501,0.5844444444444444,0.35
324,0.8990825688073395,RandomForestClassifier,0.398780487804878,0.6327160493827161,0.38095238095238093,0.35
325,0.8899082568807339,AdaBoostClassifier,0.40016501650165015,0.4803921568627451,0.3755555555555556,0.35
326,0.5412844036697247,AdaBoostClassifier,0.24852783150655489,0.2847374847374848,0.24517543859649124,0.35
327,0.8623853211009175,AdaBoostClassifier,0.31810490693739424,0.31023102310231027,0.3263888888888889,0.35
328,0.8807339449541285,AdaBoostClassifier,0.49230769230769234,0.47029702970297027,0.5167173252279635,0.35
329,0.8715596330275229,AdaBoostClassifier,0.41728491474684365,0.41208198489751885,0.42502532928064846,0.35
330,0.8715596330275229,AdaBoostClassifier,0.4337982615726703,0.4286303630363036,0.44086021505376344,0.35
331,0.944954128440367,AdaBoostClassifier,0.583076923076923,0.5317656765676567,0.6632996632996634,0.35
332,0.908256880733945,AdaBoostClassifier,0.6514382402707275,0.6504629629629629,0.7324532453245324,0.35
333,0.7981651376146789,AdaBoostClassifier,0.4570520375727704,0.5032828282828283,0.4932482721956406,0.35
334,0.8715596330275229,AdaBoostClassifier,0.3104575163398693,0.290519877675841,0.3333333333333333,0.35
335,0.7522935779816514,AdaBoostClassifier,0.4761904761904763,0.5210727969348659,0.44035087719298244,0.35
336,0.9357798165137615,AdaBoostClassifier,0.5456545654565456,0.5838187702265373,0.5204425204425204,0.35
337,0.8532110091743119,AdaBoostClassifier,0.44929453262786595,0.4231678486997636,0.4939571150097466,0.35
338,0.8165137614678899,AdaBoostClassifier,0.30742659758203794,0.2996632996632997,0.31560283687943264,0.35
339,0.8807339449541285,AdaBoostClassifier,0.4871794871794872,0.5075757575757576,0.4737103174603175,0.35
340,0.8990825688073395,AdaBoostClassifier,0.32026143790849676,0.3111111111111111,0.32996632996632996,0.35
341,0.908256880733945,AdaBoostClassifier,0.5264382402707276,0.5483262611975483,0.5115740740740741,0.35
342,0.8990825688073395,AdaBoostClassifier,0.5853218946002451,0.5689484126984127,0.6052154195011338,0.35
343,0.908256880733945,AdaBoostClassifier,0.5562001450326323,0.5483262611975483,0.564484126984127,0.35
344,0.8807339449541285,AdaBoostClassifier,0.545609548167093,0.5246277205040092,0.5683501683501683,0.35
345,0.8440366972477065,AdaBoostClassifier,0.37777777777777777,0.36195286195286197,0.3993055555555555,0.35
346,0.8899082568807339,AdaBoostClassifier,0.4545454545454546,0.4785954785954785,0.45875420875420875,0.35
347,0.8532110091743119,AdaBoostClassifier,0.46329365079365076,0.4475806451612903,0.49747474747474746,0.35
348,0.8532110091743119,AdaBoostClassifier,0.39285714285714285,0.40560949298813376,0.392831541218638,0.35
349,0.8715596330275229,AdaBoostClassifier,0.31509121061359874,0.3074433656957929,0.32312925170068024,0.35
350,0.8514851485148515,RandomForestClassifier,0.3896396396396396,0.4002267573696145,0.39233716475095787,0.4
351,0.8613861386138614,RandomForestClassifier,0.374910394265233,0.4591836734693877,0.36742424242424243,0.4
352,0.8811881188118812,RandomForestClassifier,0.312280701754386,0.29372937293729373,0.3333333333333333,0.4
353,0.900990099009901,RandomForestClassifier,0.3858156028368795,0.39261168384879724,0.38522588522588525,0.4
354,0.900990099009901,RandomForestClassifier,0.49586198115609886,0.7256944444444445,0.46489621489621485,0.4
355,0.8514851485148515,RandomForestClassifier,0.30824372759856633,0.2866666666666667,0.3333333333333333,0.4
356,0.900990099009901,RandomForestClassifier,0.39153439153439157,0.4727891156462585,0.3772893772893773,0.4
357,0.8811881188118812,RandomForestClassifier,0.39874551971326166,0.38573883161512024,0.41292134831460675,0.4
358,0.8415841584158416,RandomForestClassifier,0.3063063063063063,0.2891156462585034,0.3256704980842912,0.4
359,0.8712871287128713,RandomForestClassifier,0.3104056437389771,0.29042904290429045,0.3333333333333333,0.4
360,0.8811881188118812,RandomForestClassifier,0.3861308116627266,0.6266666666666666,0.375,0.4
361,0.8712871287128713,RandomForestClassifier,0.3171171171171171,0.3055555555555555,0.3295880149812734,0.4
362,0.8712871287128713,RandomForestClassifier,0.37411957411957414,0.4131944444444444,0.36750936329588013,0.4
363,0.8712871287128713,RandomForestClassifier,0.31205673758865243,0.2962962962962963,0.3295880149812734,0.4
364,0.8910891089108911,RandomForestClassifier,0.44874551971326165,0.46907216494845355,0.4406991260923845,0.4
365,0.8514851485148515,RandomForestClassifier,0.30824372759856633,0.2866666666666667,0.3333333333333333,0.4
366,0.8910891089108911,RandomForestClassifier,0.31413612565445026,0.30303030303030304,0.32608695652173914,0.4
367,0.8910891089108911,RandomForestClassifier,0.3896769109535067,0.472508591065292,0.37362637362637363,0.4
368,0.9207920792079208,RandomForestClassifier,0.454320987654321,0.4793814432989691,0.4408212560386473,0.4
369,0.8514851485148515,RandomForestClassifier,0.3065953654188948,0.2838283828382838,0.3333333333333333,0.4
370,0.8613861386138614,RandomForestClassifier,0.3101604278074866,0.29591836734693877,0.32584269662921345,0.4
371,0.900990099009901,RandomForestClassifier,0.39153439153439157,0.41723356009070295,0.38522588522588525,0.4
372,0.8514851485148515,RandomForestClassifier,0.37297297297297294,0.45286195286195285,0.37112403100775193,0.4
373,0.8910891089108911,RandomForestClassifier,0.4366243075920495,0.46907216494845355,0.42482611021936867,0.4
374,0.8910891089108911,RandomForestClassifier,0.398936170212766,0.46938775510204084,0.38518518518518524,0.4
375,0.8316831683168316,AdaBoostClassifier,0.4493822607412871,0.43154101995565414,0.5157004830917874,0.4
376,0.7722772277227723,AdaBoostClassifier,0.5384346610761704,0.5944041867954911,0.6553639846743295,0.4
377,0.693069306930693,AdaBoostClassifier,0.2745098039215686,0.2777777777777778,0.2713178294573643,0.4
378,0.8613861386138614,AdaBoostClassifier,0.44640883977900553,0.48501872659176026,0.41908212560386476,0.4
379,0.900990099009901,AdaBoostClassifier,0.5238095238095238,0.4989868287740628,0.5517676767676768,0.4
380,0.8712871287128713,AdaBoostClassifier,0.4085349986989332,0.41286549707602344,0.4090909090909091,0.4
381,0.09900990099009901,AdaBoostClassifier,0.1362877052310042,0.3896520146520146,0.28878066378066375,0.4
382,0.8712871287128713,AdaBoostClassifier,0.4494708994708995,0.5220973782771535,0.4539072039072039,0.4
383,0.8118811881188119,AdaBoostClassifier,0.3736995422388681,0.3602315287708546,0.3948635634028892,0.4
384,0.693069306930693,AdaBoostClassifier,0.2777777777777778,0.2916666666666667,0.26515151515151514,0.4
385,0.9108910891089109,AdaBoostClassifier,0.5287753222836096,0.500402576489533,0.5639379347244516,0.4
386,0.8910891089108911,AdaBoostClassifier,0.5529100529100529,0.5494505494505494,0.5564472980203318,0.4
387,0.8811881188118812,AdaBoostClassifier,0.5207280080889788,0.477124183006536,0.6058429118773946,0.4
388,0.8811881188118812,AdaBoostClassifier,0.50635477582846,0.4626517273576097,0.6058429118773946,0.4
389,0.36633663366336633,AdaBoostClassifier,0.24983422006322772,0.3434924694515487,0.221910986616869,0.4
390,0.8712871287128713,AdaBoostClassifier,0.5893317107798398,0.6179292929292929,0.5874883286647993,0.4
391,0.8415841584158416,AdaBoostClassifier,0.5851075652933239,0.5958333333333333,0.6497354497354497,0.4
392,0.8316831683168316,AdaBoostClassifier,0.35706214689265536,0.34106634106634104,0.3772609819121447,0.4
393,0.9108910891089109,AdaBoostClassifier,0.31778929188255617,0.30363036303630364,0.3333333333333333,0.4
394,0.8811881188118812,AdaBoostClassifier,0.49182277728218854,0.4534956304619226,0.5562770562770564,0.4
395,0.8118811881188119,AdaBoostClassifier,0.30036630036630035,0.281786941580756,0.3215686274509804,0.4
396,0.8613861386138614,AdaBoostClassifier,0.4224664224664225,0.3966565349544073,0.4553030303030303,0.4
397,0.8712871287128713,AdaBoostClassifier,0.3647955647955648,0.3561296859169199,0.37423687423687424,0.4
398,0.8514851485148515,AdaBoostClassifier,0.5223315893706956,0.613768115942029,0.4975095785440613,0.4
399,0.8910891089108911,AdaBoostClassifier,0.3989361702127659,0.4663299663299663,0.3888888888888889,0.4
400,0.8369565217391305,RandomForestClassifier,0.30374753451676534,0.27898550724637683,0.3333333333333333,0.45
401,0.8695652173913043,RandomForestClassifier,0.31007751937984496,0.2898550724637681,0.3333333333333333,0.45
402,0.8913043478260869,RandomForestClassifier,0.4507936507936508,0.4696969696969697,0.4444444444444444,0.45
403,0.8695652173913043,RandomForestClassifier,0.31007751937984496,0.2898550724637681,0.3333333333333333,0.45
404,0.8804347826086957,RandomForestClassifier,0.48181818181818176,0.4487394957983193,0.525,0.45
405,0.8586956521739131,RandomForestClassifier,0.3079922027290449,0.286231884057971,0.3333333333333333,0.45
406,0.8804347826086957,RandomForestClassifier,0.44682539682539685,0.4659090909090909,0.44027777777777777,0.45
407,0.8804347826086957,RandomForestClassifier,0.313953488372093,0.2967032967032967,0.3333333333333333,0.45
408,0.8695652173913043,RandomForestClassifier,0.38571115494192415,0.40699126092384513,0.38472222222222224,0.45
409,0.8478260869565217,RandomForestClassifier,0.30588235294117644,0.2826086956521739,0.3333333333333333,0.45
410,0.8586956521739131,RandomForestClassifier,0.3079922027290449,0.286231884057971,0.3333333333333333,0.45
411,0.8586956521739131,RandomForestClassifier,0.38176638176638183,0.45555555555555555,0.37673297166968056,0.45
412,0.9565217391304348,RandomForestClassifier,0.7145593869731801,0.9850187265917603,0.611111111111111,0.45
413,0.8369565217391305,RandomForestClassifier,0.3037475345167653,0.28205128205128205,0.32905982905982906,0.45
414,0.8695652173913043,RandomForestClassifier,0.42248835662009315,0.432183908045977,0.42023809523809524,0.45
415,0.8586956521739131,RandomForestClassifier,0.3079922027290449,0.286231884057971,0.3333333333333333,0.45
416,0.9021739130434783,RandomForestClassifier,0.39190353143841516,0.41822721598002494,0.38487282463186073,0.45
417,0.8695652173913043,RandomForestClassifier,0.3838779956427016,0.45925925925925926,0.3767857142857143,0.45
418,0.8804347826086957,RandomForestClassifier,0.468997668997669,0.4487394957983193,0.4916666666666667,0.45
419,0.8695652173913043,RandomForestClassifier,0.31189083820662766,0.2962962962962963,0.3292181069958848,0.45
420,0.8260869565217391,RandomForestClassifier,0.36787148594377506,0.4444444444444445,0.37061403508771934,0.45
421,0.8478260869565217,RandomForestClassifier,0.3796296296296296,0.6283524904214559,0.3585390946502058,0.45
422,0.8913043478260869,RandomForestClassifier,0.4839357429718875,0.4526610644257703,0.5251028806584362,0.45
423,0.8586956521739131,RandomForestClassifier,0.3079922027290449,0.286231884057971,0.3333333333333333,0.45
424,0.8913043478260869,RandomForestClassifier,0.3898635477582846,0.39015151515151514,0.3919678714859438,0.45
425,0.8586956521739131,AdaBoostClassifier,0.5593542260208927,0.5625,0.5715447154471546,0.45
426,0.8369565217391305,AdaBoostClassifier,0.35528289025221543,0.358974358974359,0.45785440613026823,0.45
427,0.8369565217391305,AdaBoostClassifier,0.3073852295409181,0.28518518518518515,0.3333333333333333,0.45
428,0.8152173913043478,AdaBoostClassifier,0.4253393665158371,0.4196762141967621,0.4558232931726908,0.45
429,0.7934782608695652,AdaBoostClassifier,0.37365213314580403,0.35278713056490835,0.4025974025974026,0.45
430,0.7934782608695652,AdaBoostClassifier,0.3475783475783476,0.34761904761904766,0.34823848238482386,0.45
431,0.782608695652174,AdaBoostClassifier,0.4396998786273861,0.6625730994152047,0.4311244979919679,0.45
432,0.782608695652174,AdaBoostClassifier,0.387683284457478,0.37747747747747745,0.4268077601410935,0.45
433,0.8804347826086957,AdaBoostClassifier,0.3898989898989899,0.3629518072289157,0.491869918699187,0.45
434,0.8695652173913043,AdaBoostClassifier,0.43012951601908656,0.3911472448057814,0.5432098765432098,0.45
435,0.8804347826086957,AdaBoostClassifier,0.6199293548986801,0.6552208835341365,0.5944444444444444,0.45
436,0.8695652173913043,AdaBoostClassifier,0.5185185185185185,0.5555555555555555,0.49465020576131685,0.45
437,0.8586956521739131,AdaBoostClassifier,0.3098039215686274,0.2958801498127341,0.32510288065843623,0.45
438,0.8695652173913043,AdaBoostClassifier,0.5769392033542977,0.594047619047619,0.5622362869198313,0.45
439,0.8695652173913043,AdaBoostClassifier,0.38944333555111993,0.4246031746031746,0.3728246318607764,0.45
440,0.8804347826086957,AdaBoostClassifier,0.468997668997669,0.4487394957983193,0.4916666666666667,0.45
441,0.7717391304347826,AdaBoostClassifier,0.3305732484076433,0.3452757288373727,0.3253968253968254,0.45
442,0.8695652173913043,AdaBoostClassifier,0.6579641165628426,0.6493506493506493,0.6946428571428571,0.45
443,0.8695652173913043,AdaBoostClassifier,0.3764705882352941,0.6227106227106227,0.3703703703703704,0.45
444,0.8913043478260869,AdaBoostClassifier,0.44057339865723094,0.4507936507936508,0.4323962516733601,0.45
445,0.9130434782608695,AdaBoostClassifier,0.5417488494411571,0.5603448275862069,0.5292682926829269,0.45
446,0.8043478260869565,AdaBoostClassifier,0.39751552795031064,0.39135021097046413,0.4078590785907859,0.45
447,0.9456521739130435,AdaBoostClassifier,0.7458089668615985,0.9013409961685824,0.6626984126984127,0.45
448,0.8478260869565217,AdaBoostClassifier,0.30769230769230776,0.2888888888888889,0.32911392405063294,0.45
449,0.8804347826086957,AdaBoostClassifier,0.5042035900931606,0.5234223770809135,0.5098765432098765,0.45
450,0.9404761904761905,RandomForestClassifier,0.48951781970649894,0.5390946502057613,0.46239316239316236,0.5
451,0.8571428571428571,RandomForestClassifier,0.30967741935483867,0.2891566265060241,0.3333333333333333,0.5
452,0.8928571428571429,RandomForestClassifier,0.3849462365591398,0.3789029535864979,0.39122807017543865,0.5
453,0.8690476190476191,RandomForestClassifier,0.31196581196581197,0.2931726907630522,0.3333333333333333,0.5
454,0.8214285714285714,RandomForestClassifier,0.3066666666666667,0.2839506172839506,0.3333333333333333,0.5
455,0.8809523809523809,RandomForestClassifier,0.3806451612903226,0.4670781893004115,0.3704954954954955,0.5
456,0.9166666666666666,RandomForestClassifier,0.4179557173187746,0.39999999999999997,0.4401154401154401,0.5
457,0.8452380952380952,RandomForestClassifier,0.3053763440860215,0.285140562248996,0.3287037037037037,0.5
458,0.8809523809523809,RandomForestClassifier,0.3826839826839827,0.3875,0.3843843843843844,0.5
459,0.9404761904761905,RandomForestClassifier,0.515370705244123,0.4875,0.5512820512820512,0.5
460,0.8928571428571429,RandomForestClassifier,0.3164556962025316,0.30120481927710846,0.3333333333333333,0.5
461,0.8214285714285714,RandomForestClassifier,0.3006535947712418,0.27710843373493976,0.32857142857142857,0.5
462,0.8928571428571429,RandomForestClassifier,0.4016129032258065,0.39166666666666666,0.41222222222222227,0.5
463,0.8690476190476191,RandomForestClassifier,0.4160298862285617,0.41452991452991456,0.41943900848010435,0.5
464,0.9047619047619048,RandomForestClassifier,0.4275668073136427,0.6345381526104418,0.39999999999999997,0.5
465,0.9047619047619048,RandomForestClassifier,0.4516129032258065,0.47500000000000003,0.44,0.5
466,0.8809523809523809,RandomForestClassifier,0.3122362869198312,0.2971887550200803,0.3288888888888889,0.5
467,0.8571428571428571,RandomForestClassifier,0.30769230769230765,0.2891566265060241,0.3287671232876712,0.5
468,0.8571428571428571,RandomForestClassifier,0.30769230769230765,0.2857142857142857,0.3333333333333333,0.5
469,0.8571428571428571,RandomForestClassifier,0.30769230769230765,0.2857142857142857,0.3333333333333333,0.5
470,0.8571428571428571,RandomForestClassifier,0.30769230769230765,0.2857142857142857,0.3333333333333333,0.5
471,0.9047619047619048,RandomForestClassifier,0.6269005847953216,0.841025641025641,0.5909909909909911,0.5
472,0.8690476190476191,RandomForestClassifier,0.31196581196581197,0.2931726907630522,0.3333333333333333,0.5
473,0.9047619047619048,RandomForestClassifier,0.5773420479302832,0.7786324786324786,0.5577777777777778,0.5
474,0.9285714285714286,RandomForestClassifier,0.32298136645962733,0.3170731707317073,0.32911392405063294,0.5
475,0.9285714285714286,AdaBoostClassifier,0.5627705627705627,0.6455696202531646,0.5193650793650794,0.5
476,0.8928571428571429,AdaBoostClassifier,0.6118518518518518,0.5763227513227513,0.7200854700854701,0.5
477,0.8928571428571429,AdaBoostClassifier,0.5891800891800891,0.5864864864864865,0.5975975975975976,0.5
478,0.8571428571428571,AdaBoostClassifier,0.5161322396221725,0.48611111111111116,0.5764790764790765,0.5
479,0.9047619047619048,AdaBoostClassifier,0.4295824486907289,0.4197530864197531,0.44005847953216376,0.5
480,0.8571428571428571,AdaBoostClassifier,0.3157894736842105,0.3076923076923077,0.32432432432432434,0.5
481,0.8690476190476191,AdaBoostClassifier,0.4691614691614691,0.46249184605348986,0.4777777777777778,0.5
482,0.8571428571428571,AdaBoostClassifier,0.4639927559390647,0.5253968253968254,0.4486486486486487,0.5
483,0.8809523809523809,AdaBoostClassifier,0.5986394557823129,0.6298833079654997,0.6441441441441441,0.5
484,0.9285714285714286,AdaBoostClassifier,0.5743243243243242,0.5422222222222222,0.6144814090019569,0.5
485,0.9166666666666666,AdaBoostClassifier,0.5847494553376906,0.6413502109704642,0.551051051051051,0.5
486,0.5,AdaBoostClassifier,0.45317165036057144,0.6366789065687475,0.4466666666666667,0.5
487,0.8928571428571429,AdaBoostClassifier,0.4759938048528653,0.43111111111111106,0.5743243243243243,0.5
488,0.8809523809523809,AdaBoostClassifier,0.31422505307855625,0.3008130081300813,0.3288888888888889,0.5
489,0.8452380952380952,AdaBoostClassifier,0.3650793650793651,0.34814814814814815,0.3907407407407408,0.5
490,0.6904761904761905,AdaBoostClassifier,0.42063492063492064,0.4827586206896552,0.3727477477477477,0.5
491,0.8452380952380952,AdaBoostClassifier,0.37368421052631584,0.3991769547325103,0.37625754527162975,0.5
492,0.8928571428571429,AdaBoostClassifier,0.629410691479657,0.6669203450025368,0.7003968253968255,0.5
493,0.8214285714285714,AdaBoostClassifier,0.46353646353646355,0.4440989496959646,0.5339181286549707,0.5
494,0.8928571428571429,AdaBoostClassifier,0.48245614035087714,0.45864661654135336,0.5157894736842105,0.5
495,0.8928571428571429,AdaBoostClassifier,0.6272438672438673,0.5787037037037037,0.7478632478632479,0.5
496,0.8571428571428571,AdaBoostClassifier,0.45925925925925926,0.47368421052631576,0.4486486486486487,0.5
497,0.8809523809523809,AdaBoostClassifier,0.5255747126436782,0.5046296296296297,0.553163731245923,0.5
498,0.8809523809523809,AdaBoostClassifier,0.46187363834422657,0.4227994227994228,0.5380116959064327,0.5
499,0.8809523809523809,AdaBoostClassifier,0.5535353535353535,0.6324786324786325,0.5145502645502645,0.5
